,Frame ID,QR ID,QR 2D (Corner Points),Distance,Yaw (degrees),Pitch (degrees),Roll (degrees)
124,468,7,"[[472.0, 271.0], [472.0, 260.0], [482.0, 259.0], [483.0, 271.0]]",3.287980962815142,-91.66972633113816,3.5860538389970364,166.0753206903115
125,468,5,"[[778.0, 22.0], [819.0, 18.0], [820.0, 59.0], [779.0, 63.0]]",1.010733108361618,-1.6165904767980213,9.37869444448518,-176.8537959170416
126,469,4,"[[562.0, 202.0], [575.0, 200.0], [576.0, 216.0], [563.0, 216.0]]",2.534669021382713,0.8727400825678844,23.224450928455056,-170.142254255887
127,470,4,"[[504.0, 212.0], [517.0, 211.0], [519.0, 225.0], [504.0, 226.0]]",2.677821666968564,-4.165770016652971,0.0515126164466251,178.95555927277798
128,471,4,"[[498.0, 209.0], [512.0, 208.0], [513.0, 222.0], [498.0, 223.0]]",2.584736123082568,-3.713175522116252,1.2101000594009914,171.55302579205568
129,475,4,"[[527.0, 205.0], [542.0, 205.0], [542.0, 221.0], [527.0, 221.0]]",2.384449442350042,2.2541210663985924,11.032511690309711,-173.27304124692847
130,476,4,"[[535.0, 218.0], [550.0, 217.0], [551.0, 233.0], [535.0, 234.0]]",2.328194496720115,-1.996528919690348,8.937040197767288,179.12433091642075
131,478,7,"[[408.0, 291.0], [408.0, 278.0], [421.0, 277.0], [422.0, 291.0]]",2.832324263314196,-92.15109855400507,-0.3421527204772671,179.6340504870049
132,478,4,"[[507.0, 219.0], [523.0, 219.0], [522.0, 236.0], [506.0, 236.0]]",2.189320133062775,2.459354219548745,13.263546566754997,177.77814625339542
133,479,7,"[[396.0, 289.0], [396.0, 276.0], [409.0, 275.0], [410.0, 289.0]]",2.846597650000668,-92.15046623436676,-0.3114778224437627,179.66652063111874
134,479,4,"[[494.0, 215.0], [511.0, 215.0], [512.0, 231.0], [495.0, 232.0]]",2.3140394647516835,-3.43631717319448,-9.620698180461078,-164.08488691254328
135,480,4,"[[479.0, 232.0], [496.0, 232.0], [496.0, 249.0], [479.0, 250.0]]",2.142519154346305,-7.232221332594408,-29.62924883938081,-157.7495363617444
136,480,7,"[[380.0, 310.0], [379.0, 297.0], [393.0, 295.0], [394.0, 309.0]]",2.788446341376614,-96.7914807891672,-7.516839006311799,-177.34228807240615
137,481,4,"[[476.0, 238.0], [493.0, 236.0], [494.0, 254.0], [476.0, 255.0]]",2.088464405487073,-3.902959040561812,6.008078781522243,172.59709493011687
138,482,4,"[[467.0, 193.0], [485.0, 192.0], [486.0, 210.0], [468.0, 212.0]]",2.0528425791545697,-12.028406912036724,-28.264227715211923,-150.99046661261104
139,483,7,"[[356.0, 279.0], [356.0, 265.0], [371.0, 265.0], [371.0, 280.0]]",2.716200595420079,-88.32050070952342,4.372569855225123,-173.1434288186661
140,483,4,"[[462.0, 202.0], [480.0, 202.0], [480.0, 221.0], [462.0, 221.0]]",2.031335879329112,1.5898964055218792,7.752036454836606,-175.65020623747597
141,484,7,"[[360.0, 294.0], [359.0, 278.0], [374.0, 278.0], [375.0, 293.0]]",2.5307158452383187,-90.90719542431418,7.524614063539687,-135.36455696973596
142,484,4,"[[467.0, 214.0], [485.0, 214.0], [485.0, 233.0], [467.0, 234.0]]",1.95617523829044,-9.75597313268101,-36.32938319620008,-157.1496853874691
143,484,10,"[[899.0, 213.0], [912.0, 210.0], [912.0, 251.0], [898.0, 252.0]]",0.99643663957393,98.6471924064058,82.78019700736566,-79.5438814388399
144,485,7,"[[341.0, 324.0], [340.0, 308.0], [356.0, 308.0], [356.0, 323.0]]",2.5318012144919364,-88.85482461640554,7.401495396102287,-136.19831213685578
145,485,4,"[[449.0, 242.0], [468.0, 241.0], [469.0, 261.0], [450.0, 261.0]]",1.9624842105026168,-0.9542699634765008,3.627821583753503,-173.53340072553576
146,485,10,"[[901.0, 235.0], [916.0, 232.0], [916.0, 275.0], [901.0, 276.0]]",0.9417653700070078,93.71152702003694,84.47054389382104,-84.27761840430044
147,486,4,"[[426.0, 206.0], [446.0, 207.0], [445.0, 227.0], [425.0, 227.0]]",1.86825394753035,-6.4359622821259,-35.826727773532525,-154.88374122352903
148,486,7,"[[311.0, 289.0], [312.0, 273.0], [327.0, 273.0], [326.0, 290.0]]",2.4146321892598497,-86.96035830270222,-0.9715489268388844,169.80700628909906
149,486,10,"[[907.0, 211.0], [924.0, 208.0], [923.0, 254.0], [905.0, 256.0]]",0.8806759748286981,82.19318746260306,83.13710469202074,-97.0804401474248
150,487,7,"[[307.0, 299.0], [306.0, 284.0], [321.0, 282.0], [323.0, 299.0]]",2.505243440243932,-93.54579969744825,4.042082382729149,176.37648545077963
151,487,10,"[[907.0, 220.0], [925.0, 216.0], [924.0, 264.0], [906.0, 264.0]]",0.8667700710179777,80.09632062750815,83.11085892378514,-98.5155283947766
152,487,4,"[[421.0, 216.0], [441.0, 215.0], [441.0, 236.0], [421.0, 236.0]]",1.8678199281988623,-0.4588937998173917,5.174689222715971,178.72797516556292
153,488,4,"[[456.0, 260.0], [478.0, 261.0], [478.0, 282.0], [457.0, 282.0]]",1.758737780318914,-1.990890375083444,-26.099067215038414,-176.94273290037603
154,488,7,"[[340.0, 350.0], [339.0, 333.0], [355.0, 332.0], [357.0, 349.0]]",2.303808468946732,-93.5614971646848,3.620800496417824,176.0202836112458
155,489,4,"[[529.0, 240.0], [552.0, 238.0], [552.0, 261.0], [530.0, 261.0]]",1.6459452466428814,-2.3026370173162136,1.9265417724622824,173.62711357787222
156,489,11,"[[928.0, 694.0], [893.0, 683.0], [903.0, 673.0], [939.0, 685.0]]",1.2147415913197948,-165.41839362631097,-10.898233927570686,127.09741457783552
157,489,7,"[[410.0, 331.0], [409.0, 314.0], [426.0, 313.0], [427.0, 331.0]]",2.1773455845799936,-91.8032085131123,4.862929126454344,175.081986597372
158,490,4,"[[548.0, 228.0], [571.0, 228.0], [570.0, 251.0], [547.0, 251.0]]",1.5809959897288568,1.1593005146026734,6.939392888270159,174.45687783693458
159,490,7,"[[424.0, 320.0], [424.0, 302.0], [441.0, 302.0], [442.0, 320.0]]",2.112609052996178,-90.1414796999109,4.93152115784163,175.4115221584871
160,491,7,"[[450.0, 325.0], [451.0, 307.0], [468.0, 307.0], [467.0, 326.0]]",2.0248015444305167,-87.26367283554022,-1.4460790417846563,166.66950241012907
161,491,0,"[[42.0, 267.0], [59.0, 267.0], [61.0, 293.0], [44.0, 293.0]]",1.818679606477428,2.3221645985308643,20.24317879159533,-173.87877479056297
162,491,4,"[[577.0, 231.0], [601.0, 231.0], [602.0, 254.0], [578.0, 255.0]]",1.5420392622514982,-2.218759213032379,-6.681701918630198,174.79734981417764
163,492,7,"[[460.0, 331.0], [461.0, 313.0], [478.0, 313.0], [478.0, 333.0]]",1.9681345980870024,-87.35711299817375,4.665953559916153,166.7642552529202
164,492,4,"[[592.0, 236.0], [616.0, 236.0], [615.0, 261.0], [591.0, 260.0]]",1.506107710093661,2.5402705217678068,9.032802862680102,-179.22502637389803
165,493,4,"[[616.0, 235.0], [641.0, 235.0], [640.0, 260.0], [615.0, 260.0]]",1.4510168193524533,1.445837768886708,9.220313005068489,175.43244191574115
166,493,7,"[[481.0, 334.0], [481.0, 315.0], [499.0, 315.0], [499.0, 334.0]]",1.9613638269404337,-89.73326259016163,1.2946242827869354,169.89199871598996
167,493,0,"[[54.0, 272.0], [73.0, 273.0], [74.0, 299.0], [56.0, 299.0]]",1.7665411911103082,-135.21710770054665,-83.27605485192332,-44.53678125034652
168,494,4,"[[619.0, 228.0], [645.0, 228.0], [643.0, 253.0], [618.0, 252.0]]",1.4359549872576067,-0.1106172763725562,-7.642887862778768,-150.75032562680167
169,494,7,"[[482.0, 327.0], [482.0, 308.0], [500.0, 308.0], [500.0, 327.0]]",1.962514147804608,-89.68197040153602,1.5538014712842174,169.90914817288896
170,495,7,"[[458.0, 315.0], [458.0, 295.0], [477.0, 295.0], [477.0, 315.0]]",1.880161029305775,-89.59471342105466,1.7104933582940018,171.18297663966197
171,495,4,"[[602.0, 214.0], [628.0, 215.0], [627.0, 241.0], [600.0, 241.0]]",1.3760330266832663,2.4715456962110296,7.484701216924781,175.8008618316435
172,496,7,"[[460.0, 313.0], [460.0, 293.0], [479.0, 293.0], [479.0, 313.0]]",1.8796663541758023,-89.58073361289522,1.790175581119002,171.14174872907563
173,496,4,"[[605.0, 209.0], [632.0, 208.0], [631.0, 236.0], [604.0, 236.0]]",1.3319468831543724,1.3362735191055488,12.584747557651914,176.958449616877
174,497,7,"[[446.0, 343.0], [446.0, 321.0], [466.0, 322.0], [466.0, 343.0]]",1.7478180428835988,-89.96471446213033,0.1440827591553282,-140.14253127456996
175,497,4,"[[597.0, 231.0], [625.0, 231.0], [624.0, 260.0], [596.0, 261.0]]",1.2468207057469916,-4.47735146629112,-20.95815061765248,-160.3153267660882
176,498,7,"[[476.0, 323.0], [477.0, 303.0], [497.0, 303.0], [497.0, 324.0]]",1.8155532753139951,-88.65770936928881,-0.7546497156800628,179.30611787307754
177,498,4,"[[630.0, 210.0], [659.0, 208.0], [660.0, 237.0], [630.0, 239.0]]",1.2386802422958525,-2.112606724674596,9.444667611593635,172.69162389421746
178,499,7,"[[451.0, 330.0], [451.0, 307.0], [472.0, 308.0], [472.0, 330.0]]",1.6704928553865992,-89.576555161211,1.73031614935997,-141.30130937532556
179,499,4,"[[610.0, 216.0], [641.0, 216.0], [640.0, 246.0], [609.0, 246.0]]",1.1867177446082249,0.9108082613616244,5.0826773162595575,171.45490908750085
180,500,7,"[[463.0, 344.0], [463.0, 321.0], [485.0, 323.0], [485.0, 345.0]]",1.6374111825810804,-91.73297531077598,-7.517671808272639,-146.95545477786612
181,500,4,"[[627.0, 226.0], [659.0, 227.0], [658.0, 258.0], [626.0, 258.0]]",1.151154706186861,1.4714333627825325,3.0595078446177686,175.21975812734613
182,501,7,"[[483.0, 360.0], [483.0, 337.0], [505.0, 338.0], [505.0, 361.0]]",1.605650607329281,-88.56460269356116,7.100774749047663,170.21873706451322
183,501,4,"[[651.0, 239.0], [684.0, 239.0], [684.0, 270.0], [650.0, 271.0]]",1.0973558256175309,-0.0073657980664547,5.574235625381666,166.34972105843184
184,502,7,"[[489.0, 365.0], [489.0, 341.0], [511.0, 340.0], [512.0, 364.0]]",1.542315082658163,-91.71824557017236,-2.932489580696517,167.7511039459581
185,502,4,"[[665.0, 236.0], [699.0, 235.0], [698.0, 269.0], [663.0, 269.0]]",1.0566612626227132,0.9638225757238862,12.319283497727412,170.09884571952918
186,503,4,"[[651.0, 228.0], [686.0, 228.0], [685.0, 264.0], [648.0, 264.0]]",1.004203385717502,2.051998587740186,13.13930498221754,174.18258762720092
187,503,7,"[[466.0, 361.0], [466.0, 336.0], [490.0, 336.0], [490.0, 361.0]]",1.4930710674375844,-89.92308186788115,0.3456369969501572,172.15766445700075
188,504,7,"[[453.0, 344.0], [453.0, 319.0], [477.0, 318.0], [478.0, 344.0]]",1.4691169792779737,-90.9523081770191,0.4998606747917032,172.40729519471944
189,504,4,"[[643.0, 202.0], [681.0, 201.0], [680.0, 238.0], [642.0, 239.0]]",0.9674747434411708,0.3894266635350992,9.718053008780272,172.17890949533847
190,505,7,"[[430.0, 385.0], [430.0, 358.0], [456.0, 359.0], [456.0, 386.0]]",1.3900475177840186,-88.6313162521902,5.030838035832359,172.79272674780748
191,505,4,"[[627.0, 234.0], [666.0, 232.0], [667.0, 272.0], [627.0, 273.0]]",0.92342352508566,-1.0610609529919548,8.114643984431023,176.7865888190262
192,506,4,"[[663.0, 216.0], [706.0, 215.0], [705.0, 256.0], [662.0, 257.0]]",0.8584191948683181,0.2493750759884485,9.16690423048464,169.27313353598203
193,506,7,"[[454.0, 371.0], [455.0, 343.0], [481.0, 344.0], [481.0, 371.0]]",1.3602431858296595,-89.07905668464753,-0.3723304126217037,-146.26268262377883
194,507,7,"[[435.0, 359.0], [436.0, 330.0], [463.0, 330.0], [462.0, 359.0]]",1.294351620236065,-89.00011027097995,-3.692865608515723,168.52194085536763
195,507,4,"[[653.0, 202.0], [697.0, 202.0], [696.0, 245.0], [651.0, 245.0]]",0.8314726731635762,1.3223968029109994,6.973398473426864,171.8747722953917
196,508,7,"[[434.0, 367.0], [434.0, 338.0], [462.0, 338.0], [461.0, 368.0]]",1.2761153264043223,-88.94703507934506,0.4442118557300828,168.97616309374786
197,508,4,"[[659.0, 208.0], [705.0, 207.0], [703.0, 253.0], [657.0, 252.0]]",0.800983562990033,1.7884354346596376,10.332095895567374,173.70304867832095
198,509,4,"[[659.0, 208.0], [708.0, 208.0], [706.0, 256.0], [657.0, 255.0]]",0.7554491266218634,1.8730572064299704,7.420888274679448,172.79890684577867
199,509,7,"[[419.0, 374.0], [420.0, 344.0], [449.0, 345.0], [448.0, 376.0]]",1.238108363473132,-87.48468801380018,2.2551966611145025,171.74503299883918
200,510,4,"[[626.0, 216.0], [677.0, 217.0], [674.0, 267.0], [623.0, 264.0]]",0.7219817269043544,2.901115834969143,4.517613383515895,170.80757815645106
201,510,7,"[[372.0, 391.0], [373.0, 359.0], [403.0, 360.0], [403.0, 392.0]]",1.203510592425156,-88.55813618628059,1.4659699384800515,173.26606570659638
202,511,4,"[[585.0, 229.0], [639.0, 229.0], [639.0, 281.0], [584.0, 282.0]]",0.6742546718263938,-0.2183855812645331,1.7460805671933468,170.13582018167372
203,511,7,"[[321.0, 415.0], [321.0, 382.0], [354.0, 383.0], [354.0, 416.0]]",1.1890279144951548,-88.37665799864276,3.892219401411228,179.19324679031706
204,512,7,"[[291.0, 407.0], [291.0, 373.0], [325.0, 373.0], [325.0, 408.0]]",1.1585643826001322,-89.310183379302,1.5197039742300016,177.91804905444891
205,512,4,"[[562.0, 212.0], [618.0, 213.0], [617.0, 267.0], [561.0, 267.0]]",0.6612530942152198,0.5316408447115876,-0.2965551602721102,173.37025078798732
206,513,4,"[[550.0, 200.0], [608.0, 200.0], [606.0, 257.0], [548.0, 256.0]]",0.6370803518040115,1.0227866611943903,3.0733888949265307,172.91900762841684
207,513,7,"[[273.0, 404.0], [273.0, 369.0], [308.0, 369.0], [307.0, 405.0]]",1.138146708990189,-89.27089538277455,-0.0864303174309263,176.71005434949058
208,514,4,"[[519.0, 208.0], [581.0, 209.0], [580.0, 269.0], [518.0, 268.0]]",0.6035305439398339,0.4468120626361298,-2.8695644691255238,173.3630764099325
209,514,7,"[[227.0, 424.0], [227.0, 386.0], [264.0, 386.0], [264.0, 424.0]]",1.0920637896371166,-90.15000308344824,-0.2770146498115747,177.36742090177182
210,515,4,"[[512.0, 193.0], [579.0, 193.0], [578.0, 259.0], [511.0, 258.0]]",0.5584659181372328,0.3041337173190528,-0.4244959569196891,175.1016400198398
211,515,7,"[[205.0, 427.0], [205.0, 387.0], [244.0, 387.0], [244.0, 427.0]]",1.0503224031666143,-90.14363724893768,-0.2518549983405715,177.612396113979
212,516,4,"[[507.0, 195.0], [577.0, 194.0], [577.0, 262.0], [507.0, 263.0]]",0.5341097924227631,-0.8523645263032639,-0.27438390688652,173.58799939720365
213,516,7,"[[194.0, 441.0], [193.0, 400.0], [232.0, 399.0], [233.0, 440.0]]",1.0328067060746444,-91.72252986251448,-0.5532147666055933,175.60650467035765
214,517,7,"[[128.0, 448.0], [129.0, 406.0], [172.0, 406.0], [170.0, 449.0]]",1.0380919947513716,-89.28237749260596,-1.8949764384058665,-179.869506479609
215,517,4,"[[463.0, 193.0], [536.0, 194.0], [535.0, 266.0], [461.0, 265.0]]",0.5148732370085333,0.4824313987064421,-1.54162982284939,175.6898260274176
216,518,4,"[[352.0, 209.0], [431.0, 208.0], [433.0, 284.0], [351.0, 285.0]]",0.4980903336747165,-1.8631569595721764,-6.540219015578512,172.90869442309065
217,519,4,"[[282.0, 192.0], [369.0, 193.0], [369.0, 270.0], [280.0, 269.0]]",0.4897285450573452,-1.6810330350755442,-13.010342025864986,167.69685674600422
218,520,4,"[[152.0, 164.0], [249.0, 167.0], [248.0, 250.0], [150.0, 250.0]]",0.4927516115196942,-1.7779630686606906,-13.268066032675211,172.4551302897547
219,521,4,"[[6.0, 181.0], [111.0, 183.0], [109.0, 273.0], [3.0, 272.0]]",0.5102001259777753,-1.2372279292852637,-11.800257520829703,175.17021747536975
220,533,6,"[[312.0, 235.0], [321.0, 235.0], [321.0, 243.0], [312.0, 243.0]]",4.80559786228184,-2.165323537244426,-12.814421938631831,169.8647315207004
221,534,6,"[[326.0, 247.0], [335.0, 247.0], [335.0, 255.0], [326.0, 255.0]]",4.751743869016183,-2.035858485563492,-13.354849259736744,168.98524637745763
222,535,6,"[[365.0, 254.0], [373.0, 254.0], [373.0, 263.0], [365.0, 263.0]]",4.379865462038002,1.7887646580114962,12.62768160607659,-176.92734239131295
223,537,6,"[[386.0, 229.0], [394.0, 229.0], [394.0, 238.0], [386.0, 238.0]]",4.376873878605061,2.281901040908269,12.914237493698934,-175.91713179526118
224,538,6,"[[395.0, 230.0], [404.0, 230.0], [404.0, 239.0], [395.0, 238.0]]",4.547578802086891,0.1041805649061079,-18.608622078600025,178.1424330670151
225,539,6,"[[401.0, 239.0], [409.0, 239.0], [409.0, 248.0], [401.0, 248.0]]",4.337452619111474,2.200743457474159,13.50242870287661,-175.98411192174518
226,548,6,"[[428.0, 227.0], [437.0, 227.0], [437.0, 236.0], [428.0, 236.0]]",4.268301111873805,-4.7716182025550754e-14,-6.772314355694566e-09,-179.99999999580584
227,554,6,"[[492.0, 232.0], [502.0, 232.0], [502.0, 243.0], [492.0, 243.0]]",3.458807289242182,2.462310333528196,14.332357659698662,-174.39184923540114
228,556,6,"[[501.0, 242.0], [512.0, 243.0], [512.0, 253.0], [501.0, 253.0]]",3.454141839103015,0.5241831974033679,-14.354415228530796,171.79458120986877
229,557,6,"[[493.0, 246.0], [504.0, 245.0], [503.0, 256.0], [493.0, 256.0]]",3.7879906197616857,-0.074090479033361,-2.043559429951918,-178.621188506109
230,558,6,"[[482.0, 248.0], [492.0, 248.0], [492.0, 260.0], [482.0, 259.0]]",3.2981255379594683,5.462157714570153,18.580726704625484,-169.55507584022715
231,561,6,"[[445.0, 232.0], [456.0, 232.0], [456.0, 243.0], [445.0, 243.0]]",3.4665579878261608,-3.465440561462792e-14,3.145105657896293e-07,179.99999979668848
232,564,6,"[[462.0, 248.0], [473.0, 248.0], [473.0, 260.0], [462.0, 260.0]]",3.1746202785737814,1.8641430622531017,12.602255589540253,-175.85773542904695
233,565,6,"[[464.0, 251.0], [476.0, 251.0], [477.0, 263.0], [465.0, 263.0]]",3.118818814933689,0.2773861207896667,1.981703490308939,-160.9599921180345
234,566,6,"[[461.0, 255.0], [473.0, 254.0], [473.0, 266.0], [461.0, 267.0]]",3.023384106316744,-3.641431159304828,7.154472039803456,169.99638687835943
235,567,6,"[[455.0, 270.0], [467.0, 270.0], [467.0, 283.0], [455.0, 282.0]]",3.032692380722847,3.0845077603253253,6.655747143030243,-171.4924447250025
236,568,6,"[[447.0, 258.0], [459.0, 257.0], [460.0, 270.0], [448.0, 270.0]]",3.052646636482428,-1.483209485354744,6.314004777618913,-171.31578718813134
237,570,6,"[[424.0, 250.0], [437.0, 249.0], [438.0, 262.0], [425.0, 263.0]]",2.933589644438864,-4.398705354995556,3.307373023972963e-09,179.9999999980251
238,573,6,"[[461.0, 252.0], [475.0, 251.0], [475.0, 265.0], [462.0, 265.0]]",2.7947995853120275,-2.0201812991635246,0.4854617413182466,-179.45647247062283
239,574,6,"[[472.0, 251.0], [486.0, 251.0], [487.0, 264.0], [473.0, 265.0]]",2.8066392431621137,-4.074306862789543,-12.393493180406134,-173.165909755583
240,575,6,"[[475.0, 255.0], [489.0, 254.0], [490.0, 268.0], [475.0, 269.0]]",2.5856794141582213,-3.992734106073714,-0.1262721221162025,170.63713334500753
241,576,6,"[[467.0, 272.0], [481.0, 271.0], [482.0, 285.0], [468.0, 286.0]]",2.6770789695574764,-4.085616788561949,-1.129607296019994e-05,-179.99999343427365
242,579,6,"[[413.0, 256.0], [428.0, 255.0], [429.0, 270.0], [415.0, 271.0]]",2.721829424854301,-7.515384917120782,-23.29938422894663,-169.24229288426093
243,582,6,"[[438.0, 267.0], [454.0, 266.0], [455.0, 281.0], [439.0, 283.0]]",2.3722722580485747,-9.489765013293429,-26.81302297505815,-155.10816756448273
244,583,6,"[[439.0, 258.0], [455.0, 257.0], [456.0, 273.0], [440.0, 274.0]]",2.368515061060376,-3.576334374997342,-9.802071208902555e-10,-179.9999999994412
245,584,6,"[[447.0, 263.0], [464.0, 262.0], [465.0, 278.0], [448.0, 279.0]]",2.2763202781881797,-4.50134162849902,-8.188738262976905,170.77319869265716
246,585,6,"[[448.0, 262.0], [465.0, 260.0], [466.0, 276.0], [449.0, 278.0]]",2.2146472308695926,-6.782997895025203,-0.4886023510543495,166.58627537307493
247,586,6,"[[457.0, 240.0], [474.0, 239.0], [475.0, 256.0], [458.0, 257.0]]",2.223556324045567,-3.3664606528283603,-5.4735490584729375e-06,-179.99999595873746
248,587,6,"[[447.0, 263.0], [465.0, 262.0], [466.0, 279.0], [448.0, 280.0]]",2.148903809400669,-4.271422294311143,-7.966084618295073,171.2985892154056
249,588,6,"[[425.0, 257.0], [443.0, 256.0], [444.0, 274.0], [426.0, 275.0]]",2.115634070542229,-3.179830119864268,2.6922699080861107e-10,179.99999999985715
250,591,6,"[[432.0, 245.0], [452.0, 244.0], [453.0, 263.0], [433.0, 264.0]]",1.9497427435335772,-3.976652803062023,-6.971196631706019,173.1299605846956
251,592,6,"[[442.0, 261.0], [462.0, 259.0], [463.0, 279.0], [444.0, 281.0]]",1.8769934115630773,-11.28428868987899,-32.19290865483314,-159.09768612134252
252,593,6,"[[442.0, 264.0], [462.0, 263.0], [463.0, 284.0], [443.0, 285.0]]",1.8086383368683596,-1.8414042436937064,7.759918224083846,-177.69795286023458
253,594,6,"[[421.0, 284.0], [443.0, 283.0], [444.0, 303.0], [423.0, 305.0]]",1.8143402307158984,-6.68912751303891,-22.457246820387763,-160.29068656338706
254,595,6,"[[377.0, 284.0], [400.0, 283.0], [401.0, 305.0], [379.0, 306.0]]",1.761925851798205,-3.0080699311452377,-5.112147702841793,-176.08084601761195
255,596,6,"[[367.0, 283.0], [390.0, 281.0], [392.0, 303.0], [369.0, 305.0]]",1.7427810685092424,-5.874638428641627,-7.328035780564527,176.8678280348606
256,597,6,"[[365.0, 285.0], [388.0, 283.0], [390.0, 306.0], [367.0, 308.0]]",1.6828429844617905,-4.969740728106795,-3.0158000470436416e-07,-179.99999989747403
257,598,6,"[[370.0, 281.0], [394.0, 279.0], [396.0, 302.0], [372.0, 304.0]]",1.6657614948273616,-5.634819426760924,-7.0345241586939,176.9491343999515
258,599,6,"[[371.0, 278.0], [396.0, 276.0], [398.0, 300.0], [373.0, 303.0]]",1.557692750512755,-11.031415845279284,-35.20216556735277,-159.29336986026354
259,600,6,"[[373.0, 283.0], [399.0, 280.0], [401.0, 306.0], [375.0, 308.0]]",1.4954995640194202,-5.697340254727438,-1.504837411875085,176.06499473521558
260,601,6,"[[360.0, 299.0], [387.0, 297.0], [389.0, 323.0], [362.0, 325.0]]",1.4839703073912724,-4.852491341036953,-6.511295359572641,178.1239599720558
261,602,6,"[[367.0, 282.0], [394.0, 280.0], [396.0, 308.0], [369.0, 309.0]]",1.412104336934707,-2.9121620133045245,2.520336638767349,-176.83167205318577
262,603,6,"[[362.0, 291.0], [390.0, 289.0], [392.0, 316.0], [364.0, 318.0]]",1.4278654919922715,-4.722981542030299,-6.146422310386783,178.01106804846694
263,604,6,"[[352.0, 292.0], [381.0, 291.0], [383.0, 319.0], [354.0, 321.0]]",1.3684422969486083,-6.998206026655304,-37.012206298763374,-170.3959295431476
264,605,6,"[[362.0, 295.0], [391.0, 291.0], [394.0, 321.0], [365.0, 323.0]]",1.328523723083941,-5.864900302546304,0.5582493497790428,-179.93943032228938
265,606,6,"[[360.0, 294.0], [390.0, 291.0], [393.0, 321.0], [362.0, 323.0]]",1.3048641424885383,-5.297880537004574,-5.139668381189615,177.94022684130076
266,607,6,"[[394.0, 297.0], [425.0, 295.0], [427.0, 325.0], [397.0, 328.0]]",1.2496392596715364,-8.321753275073583,-34.04436076868688,-168.0835739192791
267,608,6,"[[415.0, 289.0], [447.0, 288.0], [447.0, 320.0], [416.0, 321.0]]",1.1838326132566137,-1.4796020604076976,3.330296879243134,178.45194648743723
268,609,6,"[[434.0, 287.0], [467.0, 285.0], [468.0, 319.0], [437.0, 320.0]]",1.128078197471565,-1.894353779780088,7.649594792816188,-175.8227219518774
269,610,6,"[[439.0, 314.0], [473.0, 312.0], [474.0, 347.0], [440.0, 348.0]]",1.085315390562795,-2.3404938778192843,3.7294325198912497,177.81613831739892
270,611,6,"[[441.0, 315.0], [476.0, 313.0], [478.0, 348.0], [443.0, 350.0]]",1.0712037982236795,-3.2704879232334263,2.236852287277436e-08,179.99999999485829
271,612,6,"[[437.0, 296.0], [473.0, 293.0], [476.0, 329.0], [440.0, 331.0]]",1.0576482510470762,-4.257953095796006,-3.1813965889175133,-177.1018787300674
272,613,6,"[[431.0, 291.0], [468.0, 288.0], [471.0, 325.0], [434.0, 328.0]]",1.0161365668757112,-4.635463426896937,-6.01739550192862e-08,-179.99999997806225
273,614,6,"[[428.0, 286.0], [466.0, 283.0], [469.0, 320.0], [431.0, 323.0]]",1.011020556721729,-5.069047169817942,-5.558892451757879,177.22199411270014
274,615,6,"[[423.0, 288.0], [462.0, 284.0], [465.0, 323.0], [426.0, 326.0]]",0.9710466105629776,-5.247027992232703,-0.9573386975248576,176.68240456170304
275,616,6,"[[435.0, 285.0], [476.0, 282.0], [479.0, 323.0], [439.0, 326.0]]",0.9188396633855708,-3.9875966675050303,1.9731955382180264,-176.57607051765447
276,617,6,"[[487.0, 290.0], [530.0, 286.0], [534.0, 328.0], [491.0, 332.0]]",0.869076183955651,-5.791807974866865,-5.381949994973133,175.2160104092704
277,618,6,"[[534.0, 281.0], [579.0, 277.0], [582.0, 321.0], [537.0, 325.0]]",0.812929350116622,-4.981143225841702,0.913583757792632,171.39420676539942
278,619,6,"[[550.0, 269.0], [596.0, 265.0], [599.0, 312.0], [553.0, 315.0]]",0.7866070746717024,-3.7892435275440746,5.7277615088077845,179.32563473408288
279,620,6,"[[593.0, 268.0], [643.0, 264.0], [646.0, 312.0], [596.0, 315.0]]",0.7310148488082523,-3.9924799154605632,0.5800456351259308,166.82795850475168
280,621,6,"[[633.0, 268.0], [685.0, 264.0], [688.0, 314.0], [636.0, 317.0]]",0.7034647182616189,-3.628017583360863,2.8541763134872773,167.1067568590755
281,622,6,"[[765.0, 249.0], [825.0, 246.0], [826.0, 301.0], [768.0, 303.0]]",0.6491274776493557,-0.7789131271452558,14.906873271587056,-153.46664617560015
282,659,0,"[[530.0, 247.0], [539.0, 247.0], [539.0, 256.0], [530.0, 256.0]]",4.133609445456024,-2.217232568982482e-13,3.552651109309741e-06,179.99999634632744
283,660,0,"[[537.0, 251.0], [546.0, 251.0], [546.0, 260.0], [537.0, 260.0]]",4.125088761987218,2.085729726638736e-15,7.486217468446962e-08,179.9999999205785
284,664,0,"[[509.0, 260.0], [519.0, 259.0], [519.0, 269.0], [510.0, 270.0]]",3.682725087765854,-10.887259538350497,-29.596995500381,-157.90321010010496
285,667,0,"[[544.0, 263.0], [554.0, 263.0], [555.0, 272.0], [545.0, 273.0]]",3.69425682951396,-4.62410896815132,-13.37359295872538,168.58856830622423
286,670,0,"[[540.0, 283.0], [551.0, 282.0], [551.0, 292.0], [541.0, 293.0]]",3.4774122855143097,-7.245699025686708,-15.636311121075568,-152.7871465895625
287,673,0,"[[508.0, 278.0], [519.0, 277.0], [519.0, 287.0], [509.0, 288.0]]",3.5117995633647645,-7.884097622340542,-19.05641315594769,-152.23090418969304
288,674,0,"[[514.0, 288.0], [525.0, 288.0], [525.0, 298.0], [515.0, 299.0]]",3.518558486643082,-4.799918170959134,-18.915733039631466,-167.49225675523903
289,675,0,"[[527.0, 271.0], [538.0, 270.0], [539.0, 281.0], [527.0, 282.0]]",3.193546268604364,-4.781486187412006,1.6483294159436253,167.29312843974392
290,676,11,"[[413.0, 495.0], [424.0, 490.0], [439.0, 492.0], [428.0, 497.0]]",2.15919106527652,-26.01378038381619,31.229923688853813,-119.7218719560249
291,676,0,"[[530.0, 262.0], [541.0, 262.0], [541.0, 273.0], [530.0, 273.0]]",3.3715630705818294,4.026203916517015e-14,-3.4251346717182245e-08,-179.99999996968032
292,677,0,"[[539.0, 262.0], [550.0, 261.0], [551.0, 272.0], [539.0, 273.0]]",3.187163602729844,-4.6730322559342605,2.2918853852142624,167.49365702502465
293,678,0,"[[538.0, 277.0], [549.0, 276.0], [550.0, 287.0], [538.0, 288.0]]",3.182255607152279,-4.75275166020352,2.0193353770933387,166.8402237087101
294,679,0,"[[537.0, 273.0], [548.0, 272.0], [549.0, 284.0], [538.0, 285.0]]",3.0890821002858764,-3.0893975109850444,16.567206524411322,-175.8565487241611
295,680,0,"[[517.0, 271.0], [529.0, 270.0], [530.0, 282.0], [518.0, 283.0]]",3.082911680001476,-4.763641690726301,-2.8557869699264577e-10,-179.99999999975853
296,681,0,"[[506.0, 263.0], [518.0, 262.0], [519.0, 274.0], [507.0, 275.0]]",3.0943106214021303,-4.763641690726043,1.5313662001601584e-09,179.99999999869726
297,682,0,"[[503.0, 267.0], [515.0, 266.0], [516.0, 278.0], [504.0, 279.0]]",3.0944722040852186,-4.763641690726122,4.4242514100298974e-10,179.99999999964817
298,682,11,"[[388.0, 536.0], [399.0, 529.0], [416.0, 530.0], [405.0, 537.0]]",2.034053918538536,-33.268965633334275,29.275216301550373,-122.70561936672412
299,684,0,"[[523.0, 281.0], [535.0, 280.0], [536.0, 292.0], [524.0, 294.0]]",2.9228538884274395,-10.54585049348956,-26.659790941143363,-161.85114393726525
300,685,0,"[[513.0, 265.0], [525.0, 264.0], [526.0, 277.0], [514.0, 278.0]]",2.871719882760179,-2.7786744430594643,14.340681464872889,-175.94003547228468
301,686,11,"[[368.0, 557.0], [381.0, 549.0], [401.0, 551.0], [389.0, 559.0]]",1.7556333320840132,-24.014170306924253,-76.6781066063973,115.32068834010111
302,686,0,"[[501.0, 259.0], [513.0, 258.0], [514.0, 271.0], [502.0, 272.0]]",2.884487217941024,-2.7375507271847703,13.697105783323767,-175.88740141646008
303,687,11,"[[348.0, 561.0], [361.0, 553.0], [382.0, 555.0], [369.0, 564.0]]",1.7392138189559103,-27.7741052601628,-77.28141379041328,120.4655950795628
304,687,0,"[[484.0, 255.0], [498.0, 254.0], [499.0, 267.0], [486.0, 268.0]]",2.812952274982218,-5.417094519813774,-7.833213872886157,-157.00597075948164
305,688,0,"[[467.0, 265.0], [480.0, 263.0], [482.0, 277.0], [468.0, 279.0]]",2.6468575744373397,-7.209699803270253,8.104516421763135,176.78672056571716
306,688,11,"[[335.0, 593.0], [349.0, 583.0], [371.0, 585.0], [357.0, 595.0]]",1.680036432093008,-36.21736581435429,24.017525117288454,-128.0830536427927
307,689,11,"[[330.0, 597.0], [346.0, 586.0], [367.0, 587.0], [352.0, 599.0]]",1.6520579224659009,-33.21213602101928,-73.07259944715807,120.96832323748175
308,689,0,"[[458.0, 260.0], [472.0, 258.0], [473.0, 272.0], [460.0, 274.0]]",2.6561670674271047,-14.234923126038794,-31.695654407465813,-156.74272716707657
309,690,0,"[[446.0, 253.0], [460.0, 251.0], [462.0, 265.0], [448.0, 267.0]]",2.682127134978377,-8.130102354155843,1.974126462218718e-09,179.99999999853375
310,691,11,"[[312.0, 605.0], [327.0, 593.0], [350.0, 594.0], [335.0, 606.0]]",1.6268646362629118,-38.48322165515759,20.02665590725957,-126.09182958624623
311,691,0,"[[440.0, 255.0], [453.0, 253.0], [455.0, 267.0], [442.0, 269.0]]",2.7071355082604094,-6.848292929057707,10.74517919791877,-176.98314759669728
312,692,11,"[[306.0, 624.0], [323.0, 612.0], [347.0, 614.0], [331.0, 626.0]]",1.5354000918049509,-26.71375882509873,-77.91864742330534,116.60431266955808
313,692,0,"[[443.0, 264.0], [456.0, 262.0], [459.0, 277.0], [444.0, 279.0]]",2.5186639260500576,-6.552467690705214,10.380136414156365,-177.68749269371952
314,693,11,"[[322.0, 605.0], [339.0, 593.0], [364.0, 595.0], [346.0, 608.0]]",1.4734405793876373,-29.066914085809703,-74.45331616005602,118.882101287152
315,693,0,"[[467.0, 238.0], [481.0, 236.0], [483.0, 250.0], [468.0, 252.0]]",2.5809700463579146,-7.8916503204389,-0.0542570801951721,171.36714095159573
316,694,11,"[[304.0, 599.0], [322.0, 586.0], [346.0, 589.0], [329.0, 602.0]]",1.493898033431862,-36.55875695539141,-74.4119459504954,127.86372349324915
317,694,0,"[[455.0, 227.0], [470.0, 225.0], [472.0, 240.0], [457.0, 242.0]]",2.511680089665515,-7.594643368591388,-1.3186937552574879e-09,-179.99999999876036
318,695,11,"[[305.0, 616.0], [324.0, 602.0], [349.0, 605.0], [331.0, 619.0]]",1.4326814823334109,-34.02432869182422,-74.29431007100075,124.562517302136
319,695,0,"[[465.0, 228.0], [480.0, 226.0], [482.0, 241.0], [467.0, 243.0]]",2.5036653859939184,-7.594643368591586,-7.843142584184482e-10,-179.99999999922727
320,696,11,"[[307.0, 621.0], [327.0, 607.0], [353.0, 611.0], [333.0, 626.0]]",1.3778384395718697,-29.37378054952334,-72.92062232740292,121.83649438146831
321,696,0,"[[473.0, 227.0], [489.0, 225.0], [490.0, 241.0], [475.0, 242.0]]",2.4280129349340704,-5.425608158073796,0.4478288739929625,-179.43445905404303
322,697,11,"[[296.0, 649.0], [316.0, 634.0], [344.0, 638.0], [325.0, 653.0]]",1.3356360741696505,-26.591038379782965,-77.88172999301003,119.2480240060588
323,697,0,"[[470.0, 238.0], [485.0, 237.0], [487.0, 252.0], [472.0, 254.0]]",2.451326866599603,-11.02399286853945,-27.448933329824563,-167.24423005885473
324,698,0,"[[481.0, 247.0], [497.0, 245.0], [499.0, 261.0], [483.0, 262.0]]",2.3823340943678546,-6.558467198525124,-8.16266875134332,-158.2932108323707
325,698,11,"[[299.0, 666.0], [320.0, 650.0], [348.0, 655.0], [329.0, 671.0]]",1.313095780328695,-25.281198376500733,-77.54312414277435,119.18119684288826
326,699,0,"[[488.0, 237.0], [504.0, 235.0], [506.0, 251.0], [490.0, 252.0]]",2.435237700629712,-7.04285502812393,-9.04743351667908,-165.89833013280102
327,699,11,"[[296.0, 666.0], [319.0, 649.0], [347.0, 655.0], [323.0, 672.0]]",1.282320135727662,-36.71785171111694,10.542559406757723,-133.68508126680257
328,700,0,"[[475.0, 249.0], [491.0, 248.0], [493.0, 264.0], [476.0, 265.0]]",2.318163850356742,-5.317610782404084,-11.685505648661405,176.61438462713838
329,700,11,"[[266.0, 701.0], [290.0, 683.0], [320.0, 689.0], [297.0, 708.0]]",1.2563222551988498,-21.576983418178003,-76.76984394315222,116.3881770397652
330,701,0,"[[481.0, 248.0], [498.0, 245.0], [500.0, 262.0], [484.0, 264.0]]",2.250733056987938,-8.502195456445623,0.5081293997615185,-179.268928714328
331,702,0,"[[478.0, 264.0], [495.0, 263.0], [497.0, 280.0], [480.0, 281.0]]",2.1896540440248558,-3.193919075980161,1.3468991801889552,-164.26339478794426
332,703,0,"[[502.0, 258.0], [520.0, 256.0], [521.0, 273.0], [504.0, 274.0]]",2.1461847278787576,-6.601652667947921,-11.80845537718859,-152.1280290703862
333,704,0,"[[507.0, 250.0], [525.0, 248.0], [527.0, 266.0], [509.0, 268.0]]",2.0590380724215027,-6.340191745900356,-5.25954967794392e-08,-179.99999994542958
334,705,0,"[[510.0, 247.0], [528.0, 245.0], [529.0, 264.0], [511.0, 265.0]]",2.001978281418213,-3.5277350708905537,7.971548872054953,178.4496253751424
335,706,0,"[[511.0, 249.0], [529.0, 248.0], [530.0, 266.0], [512.0, 268.0]]",2.000681750285819,-8.842162247855999,-24.82567504892505,-159.99455553506095
336,707,0,"[[514.0, 252.0], [533.0, 251.0], [534.0, 269.0], [515.0, 270.0]]",1.975309909606557,-3.7891088380756575,-5.339393684235703,169.54112895049184
337,708,0,"[[514.0, 263.0], [533.0, 262.0], [534.0, 280.0], [515.0, 282.0]]",1.9458459685203355,-6.950839872556148,-17.507127981001226,-156.27652175766949
338,709,0,"[[488.0, 240.0], [507.0, 239.0], [508.0, 259.0], [489.0, 260.0]]",1.8895718949907996,-1.5489758095453332,8.977659952681739,-176.15316060057032
339,710,0,"[[476.0, 252.0], [495.0, 250.0], [497.0, 269.0], [477.0, 271.0]]",1.9162468450497223,-5.9300486824167065,-0.2614270492063439,172.6050658880598
340,711,0,"[[458.0, 249.0], [478.0, 248.0], [479.0, 268.0], [459.0, 270.0]]",1.8293172371358803,-9.599679369677917,-30.64156150384273,-159.01305972634185
341,711,4,"[[773.0, 157.0], [785.0, 152.0], [785.0, 189.0], [774.0, 192.0]]",1.090403893652519,44.58165425303875,78.62390888774421,-132.429971372239
342,712,0,"[[451.0, 248.0], [472.0, 246.0], [473.0, 267.0], [453.0, 269.0]]",1.7876165843902774,-11.155467989764034,-30.54560052062485,-157.86887874966942
343,712,4,"[[775.0, 144.0], [787.0, 140.0], [788.0, 179.0], [776.0, 182.0]]",1.0298871086463297,52.56155640839659,77.43932338201355,-123.17363364887208
344,713,0,"[[451.0, 240.0], [473.0, 238.0], [474.0, 258.0], [453.0, 261.0]]",1.750485747938686,-11.334709045035543,-24.424250356352843,-147.87150858731275
345,714,0,"[[465.0, 220.0], [487.0, 218.0], [488.0, 240.0], [466.0, 241.0]]",1.71774793626836,-3.879459489752192,0.2937438589630538,174.34566591806978
346,715,0,"[[491.0, 212.0], [514.0, 210.0], [515.0, 234.0], [492.0, 235.0]]",1.5980249954667554,-2.5714547283116684,5.912692354960678,179.42479446927254
347,716,0,"[[499.0, 209.0], [523.0, 207.0], [524.0, 231.0], [500.0, 232.0]]",1.5617013686190864,-3.410431602614082,1.0154277218247134,174.54785371291874
348,716,4,"[[915.0, 84.0], [935.0, 75.0], [935.0, 126.0], [913.0, 132.0]]",0.870999335748231,71.64691037889357,78.73556238522798,-104.95668672729798
349,717,0,"[[501.0, 231.0], [525.0, 230.0], [526.0, 254.0], [502.0, 255.0]]",1.5583897960185764,-2.385944030388093,9.154805236893085e-09,179.9999999907635
350,718,0,"[[495.0, 224.0], [521.0, 223.0], [522.0, 248.0], [496.0, 250.0]]",1.4391567752668708,-6.945891987780652,-19.38761658081532,-153.71588698623975
351,719,0,"[[495.0, 224.0], [521.0, 223.0], [522.0, 248.0], [496.0, 250.0]]",1.4391567752668708,-6.945891987780652,-19.38761658081532,-153.71588698623975
352,720,0,"[[493.0, 224.0], [520.0, 222.0], [521.0, 248.0], [495.0, 250.0]]",1.4104541656899656,-7.912642698447449,-18.813556831565474,-153.09708380161615
353,721,0,"[[492.0, 240.0], [519.0, 238.0], [521.0, 265.0], [494.0, 267.0]]",1.3821187765584897,-4.2363947988399415,-1.6011009534829208e-07,-179.99999984843515
354,722,0,"[[526.0, 232.0], [554.0, 230.0], [555.0, 258.0], [527.0, 260.0]]",1.304135949740944,-3.179155352669985,5.361091124521408,174.97856842226548
355,723,0,"[[532.0, 232.0], [561.0, 230.0], [563.0, 259.0], [534.0, 261.0]]",1.2783749569655312,-3.945186228953888,2.101003398214854e-07,179.9999997007017
356,724,0,"[[540.0, 230.0], [570.0, 228.0], [572.0, 257.0], [542.0, 259.0]]",1.2400505090899243,-4.317070588470506,-2.9943709667760943,172.80448690369263
357,725,0,"[[555.0, 230.0], [586.0, 228.0], [587.0, 259.0], [556.0, 261.0]]",1.1757123692100275,-2.7138930386488047,5.865894869259793,175.5333513524458
358,726,0,"[[544.0, 232.0], [577.0, 229.0], [579.0, 261.0], [546.0, 264.0]]",1.113898669185163,-4.804709857224333,2.3173225520681195,171.23552123661136
359,727,0,"[[508.0, 241.0], [541.0, 240.0], [543.0, 272.0], [509.0, 274.0]]",1.1183219143129668,-3.1770656165004585,-4.368557996764097,173.33482022882794
360,728,0,"[[482.0, 233.0], [517.0, 231.0], [519.0, 265.0], [484.0, 267.0]]",1.080853836018126,-3.925636083789737,-3.996151083640408,175.0018824058764
361,729,0,"[[454.0, 247.0], [490.0, 244.0], [492.0, 279.0], [456.0, 282.0]]",1.0454661430841832,-4.839083522057993,-0.5419990487886575,172.6693441960902
362,730,0,"[[450.0, 254.0], [486.0, 251.0], [489.0, 287.0], [453.0, 290.0]]",1.0429364345152226,-4.763641674968223,2.1119399619240275e-06,179.999998723479
363,731,0,"[[454.0, 254.0], [492.0, 252.0], [495.0, 289.0], [457.0, 292.0]]",1.002462064690894,-6.539174309134516,-19.802342790412208,-165.80405927405266
364,732,0,"[[432.0, 253.0], [471.0, 251.0], [474.0, 289.0], [435.0, 292.0]]",0.9836366895151744,-7.070355222298728,-23.5043572239668,-165.3070862084495
365,733,0,"[[445.0, 242.0], [485.0, 239.0], [488.0, 278.0], [448.0, 281.0]]",0.9548065576819256,-4.926540949594322,-4.094124773035448,176.57915624901722
366,734,0,"[[453.0, 240.0], [494.0, 238.0], [497.0, 280.0], [455.0, 282.0]]",0.9016676559803876,-2.6407887497264477,1.3205960365723617,-177.14619533663154
367,735,0,"[[453.0, 240.0], [494.0, 238.0], [497.0, 280.0], [455.0, 282.0]]",0.9016676559803876,-2.6407887497264477,1.3205960365723617,-177.14619533663154
368,736,0,"[[426.0, 245.0], [471.0, 243.0], [473.0, 286.0], [429.0, 289.0]]",0.863780325175806,-6.89311415739377,-23.963885619058352,-160.07397584927924
369,737,0,"[[391.0, 216.0], [436.0, 214.0], [440.0, 258.0], [394.0, 261.0]]",0.8682759888472266,-4.340146835355333,-6.2650173354929874,-179.30898717123966
370,738,0,"[[360.0, 230.0], [407.0, 228.0], [408.0, 274.0], [361.0, 276.0]]",0.8348564406101051,-2.6326710066243684,-1.2455286209332288,175.77882856315236
371,739,0,"[[299.0, 228.0], [350.0, 224.0], [355.0, 272.0], [304.0, 277.0]]",0.8159148995501938,-6.39756734149445,-7.27961817240854,178.257129315488
372,740,0,"[[286.0, 204.0], [340.0, 199.0], [345.0, 251.0], [292.0, 255.0]]",0.7805387042065864,-5.973637626257271,-5.363871697487675,-179.59029824876964
373,741,0,"[[275.0, 194.0], [330.0, 191.0], [335.0, 244.0], [280.0, 248.0]]",0.7630697800897503,-4.705584669295392,-4.811592469236932,-178.19406581841207
374,742,0,"[[270.0, 194.0], [328.0, 191.0], [331.0, 247.0], [274.0, 251.0]]",0.718642475443393,-3.8742658546186144,-2.030609189217361,179.34196823212486
375,743,0,"[[265.0, 220.0], [323.0, 216.0], [330.0, 273.0], [272.0, 278.0]]",0.7117654136188603,-4.940903768631893,-2.571427909433475,-175.07522955525064
376,744,0,"[[228.0, 206.0], [291.0, 203.0], [295.0, 262.0], [233.0, 265.0]]",0.70238694549098,-4.211336225806051,-7.507840603830446,-179.5118689427982
377,745,0,"[[192.0, 195.0], [258.0, 194.0], [262.0, 255.0], [196.0, 258.0]]",0.685294293411635,-3.3472755556442206,-8.013404759476568,-179.1190539825275
378,746,0,"[[167.0, 190.0], [234.0, 188.0], [239.0, 253.0], [171.0, 255.0]]",0.66604148032269,-2.7237607699241395,-4.673837808268237,-177.64810807277414
379,747,0,"[[140.0, 188.0], [212.0, 187.0], [217.0, 255.0], [146.0, 257.0]]",0.6445475001624522,-2.3146375513003217,-5.5587003115696,-175.56257641435357
380,748,0,"[[139.0, 182.0], [212.0, 180.0], [218.0, 247.0], [146.0, 250.0]]",0.6531288464500533,-3.9278942033623454,-8.85613624925353,-176.4617058143663
381,749,0,"[[61.0, 158.0], [143.0, 157.0], [147.0, 231.0], [67.0, 233.0]]",0.6196035473250946,-2.9597534164373576,-8.073954079896502,-178.35707047685494
382,756,7,"[[825.0, 313.0], [820.0, 262.0], [876.0, 255.0], [882.0, 307.0]]",0.6989289162870922,-91.81390209707664,-13.987618664672627,164.96514974418108
383,757,7,"[[711.0, 269.0], [708.0, 217.0], [762.0, 211.0], [764.0, 263.0]]",0.6930739552632206,-96.54771697676831,25.249753796265992,179.45918183534383
384,758,7,"[[692.0, 266.0], [689.0, 215.0], [742.0, 209.0], [745.0, 261.0]]",0.6994834203361893,-92.5055720054502,-7.082017029152061,167.86771835801989
385,759,7,"[[619.0, 243.0], [619.0, 193.0], [672.0, 188.0], [672.0, 240.0]]",0.6880128896088652,-89.8773717848023,-10.680157764621102,168.33557920350262
386,760,7,"[[572.0, 270.0], [570.0, 220.0], [621.0, 215.0], [622.0, 266.0]]",0.7118176060804371,-92.1014218095535,-6.686125824953195,169.58626250959873
387,761,7,"[[512.0, 271.0], [509.0, 222.0], [558.0, 217.0], [562.0, 267.0]]",0.7418013278167312,-94.42440383718944,-3.40802152214762,176.3538678817139
388,762,7,"[[396.0, 253.0], [392.0, 203.0], [442.0, 199.0], [445.0, 249.0]]",0.7700983149484005,-94.13686524470177,-0.2941592692180362,177.95725429254784
389,763,7,"[[349.0, 267.0], [346.0, 216.0], [396.0, 213.0], [399.0, 263.0]]",0.7749822174696298,-93.66836857823704,-0.6922959491751516,178.44905519750418
390,764,7,"[[320.0, 276.0], [315.0, 225.0], [367.0, 221.0], [371.0, 271.0]]",0.7813827649766855,-87.07137237970085,19.63231968819592,-138.49768802616046
391,765,7,"[[319.0, 279.0], [313.0, 227.0], [365.0, 223.0], [369.0, 274.0]]",0.7725035815725257,-88.57390819877604,17.136907234584065,-135.47986222337596
392,766,7,"[[333.0, 280.0], [328.0, 227.0], [380.0, 223.0], [385.0, 275.0]]",0.7525000670040155,-94.8459733682906,1.6195956949790908,179.41833647643566
393,767,7,"[[361.0, 281.0], [356.0, 228.0], [410.0, 224.0], [415.0, 277.0]]",0.7349284650143195,-94.84440443961924,1.5837735783492086,-175.92926670734545
394,768,7,"[[398.0, 279.0], [392.0, 225.0], [446.0, 220.0], [451.0, 274.0]]",0.712438792686828,-95.18514823744486,2.40123227357797,179.23260967660403
395,769,7,"[[452.0, 284.0], [448.0, 228.0], [503.0, 224.0], [507.0, 280.0]]",0.6743945133084231,-93.74251838603384,1.6180186852254457,176.86900967340625
396,770,7,"[[472.0, 262.0], [469.0, 204.0], [526.0, 200.0], [529.0, 258.0]]",0.6473022436009884,-93.08624462331618,-0.5996463718393377,175.46101106254912
397,771,7,"[[501.0, 274.0], [498.0, 213.0], [556.0, 209.0], [559.0, 270.0]]",0.6150626020700024,-92.52828520233334,2.059945710797652,169.84373040095832
398,772,7,"[[509.0, 279.0], [506.0, 216.0], [566.0, 213.0], [569.0, 275.0]]",0.6006481385456799,-90.81112815589046,14.84913962669604,-156.33754634508114
399,773,7,"[[516.0, 279.0], [513.0, 215.0], [575.0, 211.0], [578.0, 274.0]]",0.5845446015906425,-92.85751134754209,-0.7322607261599036,173.20836955959288
400,774,7,"[[528.0, 260.0], [528.0, 188.0], [593.0, 186.0], [592.0, 257.0]]",0.5264673267238354,-87.51650286898361,18.4242402919074,-148.3349232131087
401,775,7,"[[548.0, 284.0], [544.0, 215.0], [610.0, 210.0], [613.0, 278.0]]",0.5409839443919744,-91.63051671647676,17.216904277438143,-158.90214665693796
402,776,7,"[[547.0, 258.0], [543.0, 188.0], [611.0, 182.0], [614.0, 252.0]]",0.5321926006646776,-92.91586178590266,0.4345445523889696,169.30762853183904
403,777,7,"[[533.0, 262.0], [528.0, 185.0], [599.0, 179.0], [603.0, 255.0]]",0.4929065658275531,-91.71941148624924,18.24328413392426,-153.4927451101637
404,778,7,"[[540.0, 266.0], [535.0, 187.0], [608.0, 182.0], [612.0, 258.0]]",0.484158577307243,-91.8731480714405,18.04115963580654,-155.77874434146548
405,779,7,"[[568.0, 284.0], [563.0, 201.0], [640.0, 196.0], [642.0, 278.0]]",0.4530345443784095,-91.74925866697376,14.949405432841534,-155.647617017344
406,780,7,"[[639.0, 319.0], [636.0, 229.0], [719.0, 223.0], [721.0, 311.0]]",0.4133020409886034,-92.45460434679424,13.70994660351991,-161.55534199926754
407,781,7,"[[638.0, 325.0], [637.0, 232.0], [722.0, 229.0], [722.0, 319.0]]",0.4023147936056988,-91.0258977640676,12.064890173745257,-160.86155660366134
408,782,7,"[[644.0, 334.0], [642.0, 240.0], [728.0, 235.0], [728.0, 327.0]]",0.3946304178314295,-91.45152664442112,12.690888699197329,-159.80032378863805
409,783,7,"[[641.0, 327.0], [640.0, 232.0], [725.0, 227.0], [726.0, 320.0]]",0.3917732320348291,-91.4575693054068,12.625005122535091,-158.58158586703996
410,784,7,"[[640.0, 316.0], [639.0, 218.0], [726.0, 213.0], [726.0, 309.0]]",0.381349762312403,-91.1752053325654,13.758054453877438,-157.1828844378044
411,785,7,"[[671.0, 314.0], [669.0, 213.0], [759.0, 208.0], [758.0, 306.0]]",0.3732620653832088,-91.72191733895647,13.83766829754391,-158.95315550686882
412,786,7,"[[688.0, 297.0], [688.0, 195.0], [779.0, 190.0], [777.0, 290.0]]",0.3714086719370153,-91.43420626674748,15.278413793644065,-160.61116325204034
413,787,7,"[[710.0, 290.0], [710.0, 182.0], [805.0, 177.0], [802.0, 282.0]]",0.3555156756676929,-91.72137714812229,15.627368269857604,-160.57036824959013
414,788,7,"[[683.0, 302.0], [682.0, 192.0], [778.0, 186.0], [777.0, 292.0]]",0.3465714436071604,-92.00913704244756,15.646394218825822,-158.87578232230868
415,789,7,"[[668.0, 333.0], [669.0, 219.0], [767.0, 215.0], [763.0, 325.0]]",0.3301849673836136,-90.16343168440054,13.83234572940794,-155.2512038125326
416,790,7,"[[687.0, 335.0], [690.0, 218.0], [789.0, 214.0], [785.0, 326.0]]",0.3234118080413297,-90.18263736252726,14.264294117648951,-156.06067683334967
417,791,7,"[[715.0, 335.0], [717.0, 214.0], [819.0, 210.0], [815.0, 326.0]]",0.315459857157456,-90.83087619345278,13.084207412200431,-157.31746062764543
418,792,7,"[[719.0, 331.0], [722.0, 210.0], [825.0, 206.0], [820.0, 323.0]]",0.3149104880313008,-90.53817072489564,13.618191287984809,-158.13969870206523
419,793,7,"[[738.0, 332.0], [740.0, 206.0], [848.0, 201.0], [843.0, 323.0]]",0.304157281190244,-91.20387288337788,13.472064605676412,-159.59489949971163
420,794,7,"[[738.0, 332.0], [741.0, 205.0], [848.0, 201.0], [843.0, 323.0]]",0.3030332746898906,-90.9366934254552,13.219793388805533,-158.7455022752327
421,795,7,"[[755.0, 338.0], [758.0, 207.0], [871.0, 202.0], [865.0, 328.0]]",0.294297353891959,-91.26226808074384,13.772750992932572,-161.1658893797386
422,796,7,"[[787.0, 323.0], [793.0, 182.0], [915.0, 178.0], [905.0, 314.0]]",0.278742078601617,-90.929592914655,14.815112987890162,-162.980531702894
423,834,8,"[[540.0, 23.0], [638.0, 18.0], [628.0, 128.0], [528.0, 127.0]]",0.3656392481012411,6.0248981720303,17.79014481889178,-179.77602603128634
424,835,8,"[[491.0, 19.0], [591.0, 13.0], [583.0, 122.0], [483.0, 124.0]]",0.3667472990332971,3.916701772109787,14.981778094804028,179.15025891250818
425,836,8,"[[400.0, 22.0], [494.0, 17.0], [490.0, 126.0], [396.0, 126.0]]",0.3873608457481881,4.220068986617504,14.10883833775732,-176.07486145841577
426,837,8,"[[294.0, 43.0], [387.0, 43.0], [382.0, 150.0], [289.0, 146.0]]",0.4033468404903115,5.045395674256095,10.741981852264754,-176.2558696060802
427,838,8,"[[269.0, 31.0], [363.0, 31.0], [359.0, 138.0], [266.0, 135.0]]",0.4094822583907419,4.589129972860154,9.77648763342921,-175.69569168291554
428,839,1,"[[846.0, 179.0], [864.0, 180.0], [861.0, 195.0], [844.0, 194.0]]",2.2939720868851983,6.023232379308794,10.709606074175,-135.1643406238369
429,839,8,"[[261.0, 29.0], [355.0, 28.0], [353.0, 135.0], [258.0, 133.0]]",0.4105407344854735,3.682288286334554,8.94260342158921,-176.30281363501155
430,840,8,"[[246.0, 27.0], [343.0, 29.0], [338.0, 139.0], [243.0, 135.0]]",0.4018113081403103,5.310708805680186,9.453368532147362,-175.02572728976776
431,854,1,"[[416.0, 89.0], [430.0, 89.0], [430.0, 103.0], [416.0, 103.0]]",2.8738187291674264,8.678649945526494e-10,-6.7475292063056455e-06,-179.9999917851878
432,935,9,"[[405.0, 19.0], [461.0, 16.0], [468.0, 78.0], [412.0, 81.0]]",0.7124185165069007,-1.2052446885596035,4.306628447852693,-163.42326479490478
433,936,9,"[[388.0, 53.0], [447.0, 51.0], [453.0, 112.0], [393.0, 115.0]]",0.6859213843841684,-3.3392305222742604,-2.284430975345497,-172.37660622664538
434,937,9,"[[393.0, 30.0], [455.0, 29.0], [458.0, 92.0], [396.0, 93.0]]",0.6641236769917904,-1.772215305605328,-1.9993333142223524,-176.09656159578523
435,938,9,"[[404.0, 20.0], [468.0, 19.0], [471.0, 84.0], [408.0, 85.0]]",0.6496471438947522,-1.9325889309830817,-2.420015724128705,-174.57782039613673
436,939,9,"[[389.0, 51.0], [452.0, 52.0], [455.0, 119.0], [392.0, 120.0]]",0.6276510957542848,1.2905292854650254,3.3726765271508747,-168.8987604666957
437,940,9,"[[379.0, 65.0], [444.0, 64.0], [448.0, 131.0], [384.0, 134.0]]",0.6187887631600172,-1.1672866855591038,1.4541974130948518,-171.4316324987458
438,941,9,"[[368.0, 91.0], [435.0, 89.0], [439.0, 156.0], [374.0, 160.0]]",0.6052989404359644,-14.336929911950737,-31.075338236507218,-145.1495567098712
439,942,9,"[[377.0, 97.0], [446.0, 94.0], [451.0, 163.0], [384.0, 167.0]]",0.5890051954809122,-3.343943106045355,-1.4807529726967792,-173.4407913731216
440,943,9,"[[396.0, 60.0], [468.0, 58.0], [474.0, 131.0], [404.0, 135.0]]",0.5688699715015397,-11.977350437928708,-24.13359568399928,-148.2237370819561
441,944,9,"[[410.0, 82.0], [484.0, 79.0], [488.0, 158.0], [414.0, 162.0]]",0.5136959804687017,-0.4496146841054407,6.53241225828411,-173.18777159397848
442,945,9,"[[402.0, 125.0], [478.0, 125.0], [481.0, 205.0], [405.0, 206.0]]",0.499084133536045,0.8511014645331676,4.633694394183596,-171.41195946619607
443,946,9,"[[416.0, 178.0], [495.0, 177.0], [497.0, 259.0], [420.0, 261.0]]",0.4714377189664371,0.3121395759603271,6.6773959689147055,-173.14869121026766
444,947,9,"[[434.0, 170.0], [516.0, 168.0], [519.0, 251.0], [438.0, 255.0]]",0.4596070246555908,-1.3708935072385302,3.012384658865115,-175.86882316262574
445,948,9,"[[419.0, 157.0], [504.0, 154.0], [507.0, 240.0], [424.0, 245.0]]",0.446596976838467,-1.665227766416418,3.9348752090162296,-176.31519683997595
446,949,9,"[[370.0, 92.0], [463.0, 88.0], [470.0, 183.0], [378.0, 191.0]]",0.4196761634552839,-2.705983372532789,2.7252724928039527,-174.3687823159475
447,950,9,"[[332.0, 100.0], [428.0, 96.0], [436.0, 193.0], [341.0, 202.0]]",0.4120760294354093,-3.207384330092084,1.7735392939381445,-174.95808831924649
448,951,9,"[[240.0, 68.0], [347.0, 64.0], [359.0, 168.0], [254.0, 179.0]]",0.4013174917895939,-4.92229443734248,-2.858397662151616,-174.30440817323662
449,952,9,"[[147.0, 61.0], [266.0, 55.0], [281.0, 172.0], [165.0, 186.0]]",0.3727326253980832,-4.957706621122638,-0.6372370545586795,-174.36635020686927
450,953,9,"[[45.0, 124.0], [178.0, 115.0], [195.0, 235.0], [67.0, 255.0]]",0.3644954323149376,-35.32484700379129,-56.49328575634145,-130.14910930261016
451,973,8,"[[406.0, 105.0], [427.0, 103.0], [428.0, 122.0], [409.0, 125.0]]",1.9800238838489188,-17.667601317963882,-26.020200641415947,-132.3347275367328
452,975,8,"[[354.0, 160.0], [374.0, 157.0], [376.0, 176.0], [356.0, 179.0]]",1.9892328057370223,-8.70516922883301,-0.5551480305660604,172.08444415190908
453,977,8,"[[298.0, 201.0], [319.0, 200.0], [322.0, 218.0], [302.0, 222.0]]",2.074420518949771,-17.227111179162677,-34.32180565104021,-150.53667389119357
454,979,8,"[[222.0, 292.0], [244.0, 288.0], [246.0, 308.0], [225.0, 312.0]]",1.9888084112524012,-22.839304567862943,-49.28132004324998,-144.22132591546352
455,980,8,"[[176.0, 336.0], [199.0, 333.0], [201.0, 353.0], [180.0, 357.0]]",2.0493797828927294,-18.752079203251117,-54.70130374205971,-158.07587098568212
456,981,8,"[[163.0, 378.0], [187.0, 374.0], [189.0, 394.0], [167.0, 398.0]]",2.0964220365417594,-14.775362024558968,-48.49517688636034,-161.3896438551132
457,982,8,"[[137.0, 387.0], [162.0, 384.0], [165.0, 403.0], [142.0, 408.0]]",2.144489213130665,-13.029711286225808,-42.45268884911151,-169.78642764575758
458,983,8,"[[134.0, 375.0], [157.0, 371.0], [162.0, 392.0], [138.0, 396.0]]",2.054936539471346,-10.66284211510893,-11.508044065565072,-176.9711756088815
459,985,8,"[[131.0, 337.0], [155.0, 334.0], [159.0, 356.0], [136.0, 360.0]]",1.931823036994033,-21.66915023141778,-62.56889831547227,-162.4268324571076
460,986,8,"[[134.0, 369.0], [159.0, 365.0], [164.0, 385.0], [140.0, 391.0]]",2.030983116400503,-18.81457624981898,-48.503276530671904,-166.82032865005382
461,987,8,"[[160.0, 394.0], [184.0, 388.0], [190.0, 410.0], [166.0, 415.0]]",1.945634103757476,-13.91403452328774,-11.511732500666284,-175.98106130704855
462,988,8,"[[190.0, 345.0], [214.0, 340.0], [219.0, 362.0], [195.0, 367.0]]",1.8777185523236744,-13.066222100637075,-9.823691374222667,179.34423738262942
463,989,8,"[[189.0, 361.0], [213.0, 356.0], [218.0, 379.0], [194.0, 384.0]]",1.8042918392086544,-12.24027125841742,-4.326568254769447,-179.9530740341661
464,990,8,"[[186.0, 402.0], [211.0, 397.0], [215.0, 420.0], [191.0, 425.0]]",1.9701299097230376,-11.58117263867002,-20.743445805858432,-177.63928585800818
465,991,8,"[[162.0, 422.0], [189.0, 415.0], [193.0, 437.0], [168.0, 445.0]]",1.7984845712291502,-21.95645553445036,-50.18333538487423,-154.74131260342602
466,993,8,"[[186.0, 431.0], [212.0, 426.0], [217.0, 449.0], [192.0, 455.0]]",1.76865500121291,-13.751663270143348,-54.20953527966185,-178.70524214804084
467,994,8,"[[200.0, 440.0], [227.0, 433.0], [232.0, 455.0], [207.0, 463.0]]",1.7805840197036529,-18.5779811258258,-42.050941983702685,-164.18230777024357
468,995,8,"[[203.0, 444.0], [229.0, 437.0], [235.0, 460.0], [209.0, 468.0]]",1.7272589323243226,-18.56728678758071,-48.49773334350158,-168.22140862336414
469,996,8,"[[235.0, 441.0], [260.0, 435.0], [266.0, 459.0], [240.0, 465.0]]",1.6869555427749316,-13.307043594677518,-7.521342181986532,178.91041442484214
470,997,8,"[[236.0, 445.0], [262.0, 439.0], [267.0, 463.0], [241.0, 470.0]]",1.6523097843131689,-14.28089701546642,-49.64780891325507,-173.27198428311092
471,998,8,"[[241.0, 429.0], [268.0, 422.0], [273.0, 447.0], [248.0, 453.0]]",1.6367311721078457,-14.102588674024425,-7.431065884139132,179.43613909609093
472,1000,8,"[[274.0, 402.0], [302.0, 395.0], [307.0, 419.0], [281.0, 425.0]]",1.6134962434199094,-14.8042931220867,-26.79555633948519,-161.58840127579836
473,1001,8,"[[270.0, 356.0], [297.0, 350.0], [303.0, 375.0], [277.0, 382.0]]",1.5373005306634675,-20.056018312478628,-45.16897205348309,-164.89699176917787
474,1002,8,"[[232.0, 342.0], [263.0, 336.0], [268.0, 361.0], [238.0, 367.0]]",1.4926483375959343,-15.172977247619183,-31.56735128204975,-148.97528178658555
475,1003,8,"[[205.0, 375.0], [235.0, 368.0], [241.0, 393.0], [212.0, 401.0]]",1.548707033593541,-19.607021362134976,-40.33664587632845,-156.67094595691705
476,1004,8,"[[206.0, 380.0], [236.0, 373.0], [243.0, 398.0], [215.0, 407.0]]",1.5388802920755829,-21.822699644011884,-44.12575166004532,-164.14534204652162
477,1005,8,"[[201.0, 355.0], [231.0, 349.0], [238.0, 375.0], [209.0, 383.0]]",1.5053560754119584,-21.25556344229265,-47.42010597291222,-164.21863557116424
478,1006,8,"[[178.0, 342.0], [210.0, 335.0], [216.0, 362.0], [186.0, 370.0]]",1.4787846538588094,-22.89664638534011,-46.20703689212379,-153.97789112377208
479,1007,8,"[[166.0, 322.0], [198.0, 316.0], [204.0, 344.0], [174.0, 352.0]]",1.4347149206047485,-26.28588436565282,-53.41454192109565,-152.66199594445013
480,1008,8,"[[170.0, 335.0], [204.0, 328.0], [210.0, 357.0], [178.0, 364.0]]",1.4237819450727065,-20.516726527990983,-44.98257234345285,-156.64125912790703
481,1009,8,"[[165.0, 341.0], [198.0, 333.0], [206.0, 362.0], [174.0, 371.0]]",1.3938761109772468,-26.205322986369875,-49.79919568538101,-154.3682714587902
482,1010,8,"[[134.0, 338.0], [170.0, 330.0], [177.0, 360.0], [144.0, 369.0]]",1.3728620598521153,-26.12121799487142,-50.46285243514121,-152.5345079192289
483,1011,8,"[[126.0, 372.0], [162.0, 363.0], [170.0, 395.0], [136.0, 405.0]]",1.298238360480116,-28.89654560849851,-58.30939300473796,-154.2559728411527
484,1012,8,"[[117.0, 349.0], [153.0, 340.0], [162.0, 371.0], [127.0, 381.0]]",1.3393111449177353,-28.642444132741037,-53.070574509791314,-152.0238046508929
485,1013,8,"[[125.0, 344.0], [161.0, 336.0], [170.0, 369.0], [134.0, 378.0]]",1.272739891928936,-27.968752641180988,-57.85233923084415,-154.9299194545497
486,1014,8,"[[144.0, 340.0], [180.0, 332.0], [189.0, 366.0], [152.0, 374.0]]",1.2432727686210907,-13.444891139571244,-6.950973677728621,-178.91578739952345
487,1015,8,"[[149.0, 346.0], [188.0, 337.0], [197.0, 371.0], [159.0, 381.0]]",1.205953368933115,-24.651542724236556,-50.29085799817176,-156.19662419877392
488,1016,8,"[[144.0, 334.0], [183.0, 326.0], [192.0, 362.0], [154.0, 371.0]]",1.158702381680135,-26.498873797214003,-57.3208243891072,-157.0450443912018
489,1017,8,"[[80.0, 364.0], [121.0, 354.0], [132.0, 391.0], [90.0, 403.0]]",1.142331704516023,-32.17914164332265,-61.34513572897546,-149.95172702775145
490,1018,8,"[[48.0, 372.0], [92.0, 361.0], [103.0, 399.0], [59.0, 411.0]]",1.1471777318152123,-16.562468673765455,-11.661921633881176,178.84706643336438
491,1019,8,"[[32.0, 346.0], [78.0, 335.0], [89.0, 375.0], [45.0, 386.0]]",1.1218949343898308,-15.54209817470421,-9.85271508742763,-177.88349534918424
492,1020,8,"[[30.0, 328.0], [76.0, 316.0], [89.0, 357.0], [42.0, 368.0]]",1.1036205317478045,-16.49564758548829,-11.702745577500544,-178.87584754117606
493,1021,8,"[[63.0, 289.0], [110.0, 279.0], [121.0, 321.0], [74.0, 330.0]]",1.069799546075194,-14.041731080006636,-11.466655787126482,-178.41390501957042
494,1022,8,"[[67.0, 278.0], [115.0, 268.0], [127.0, 310.0], [80.0, 321.0]]",1.0406110528167725,-15.09711190450317,-10.579206126115762,-177.3172322895042
495,1023,8,"[[82.0, 244.0], [130.0, 234.0], [143.0, 278.0], [94.0, 289.0]]",0.98965386786863,-14.619108064638802,-8.211716312381771,-177.98653833116578
496,1024,8,"[[110.0, 239.0], [160.0, 229.0], [169.0, 275.0], [122.0, 286.0]]",0.9291190319013342,-37.17696116506004,-56.03452833124878,-133.91186383098744
497,1025,8,"[[76.0, 228.0], [127.0, 217.0], [139.0, 266.0], [89.0, 276.0]]",0.9197007989556892,-12.870715167265676,-3.788772087879881,-177.3427665697937
498,1026,8,"[[85.0, 199.0], [137.0, 189.0], [151.0, 237.0], [99.0, 248.0]]",0.9212236850978924,-13.954960139035771,-7.562130648176875,-175.71185770892455
499,1027,8,"[[101.0, 178.0], [154.0, 168.0], [167.0, 219.0], [115.0, 228.0]]",0.8893864640414707,-11.973361118308022,-5.025240676188858,-174.29038849502086
500,1028,8,"[[116.0, 161.0], [169.0, 152.0], [183.0, 202.0], [129.0, 212.0]]",0.8824477542797501,-12.79246289188752,-7.419678155070326,-175.32111629116235
501,1029,8,"[[176.0, 108.0], [233.0, 104.0], [242.0, 157.0], [187.0, 163.0]]",0.8292088421760746,-25.513529442202945,-43.84092147571263,-138.2692484326626
502,1030,8,"[[217.0, 107.0], [274.0, 99.0], [285.0, 155.0], [228.0, 162.0]]",0.7769196013578678,-9.657450034568836,-5.526515101059963,-175.86935220041642
503,1031,8,"[[216.0, 94.0], [274.0, 86.0], [284.0, 145.0], [227.0, 153.0]]",0.7400309635981592,-7.828172829154058,0.1795891735081745,-175.17575028094933
504,1032,8,"[[196.0, 106.0], [255.0, 99.0], [264.0, 159.0], [205.0, 166.0]]",0.7290928601711565,-6.778851873691562,-0.0121278197013195,-176.58540568362147
505,1033,1,"[[462.0, 108.0], [474.0, 106.0], [476.0, 119.0], [464.0, 121.0]]",3.112901245630729,-6.265902021107357,8.516140147345553,-172.44972528261036
506,1033,8,"[[168.0, 84.0], [231.0, 74.0], [244.0, 137.0], [182.0, 146.0]]",0.7158212654884958,-9.771595643072065,-2.621826453690823,-174.81014222854782
507,1034,1,"[[488.0, 93.0], [501.0, 92.0], [503.0, 105.0], [490.0, 107.0]]",3.022951725804706,-11.931582954738412,-13.75263437802203,-147.40533156003042
508,1034,8,"[[175.0, 32.0], [243.0, 25.0], [254.0, 92.0], [188.0, 100.0]]",0.6797155566010745,-7.661853281208792,-2.8198885472106827,-174.5591136567154
509,1035,8,"[[178.0, 24.0], [247.0, 16.0], [260.0, 84.0], [193.0, 93.0]]",0.6730828164186765,-8.873339489254347,-3.681788795509326,-173.47647878488343
510,1036,8,"[[204.0, 39.0], [273.0, 32.0], [282.0, 103.0], [213.0, 110.0]]",0.6294256934589075,-5.494219486142726,0.6816572967527562,-176.57779540650077
511,1037,8,"[[188.0, 27.0], [260.0, 19.0], [271.0, 90.0], [199.0, 99.0]]",0.6247661867031561,-7.835047768237159,-2.323971677575001,-177.97572742166176
512,1038,8,"[[144.0, 14.0], [222.0, 5.0], [232.0, 84.0], [156.0, 91.0]]",0.5936433354871891,-6.263030916945171,-0.6865119225771178,-176.74079956175916
513,1042,1,"[[469.0, 143.0], [482.0, 142.0], [483.0, 156.0], [470.0, 157.0]]",2.8424464073479907,-1.6527134815194358,8.916320814523091,-173.20694361919718
514,1054,1,"[[717.0, 71.0], [736.0, 70.0], [737.0, 88.0], [717.0, 90.0]]",2.025549732252131,-1.5886196451366306,7.355305954416963,173.86567593065672
515,1055,10,"[[15.0, 125.0], [31.0, 126.0], [34.0, 151.0], [19.0, 151.0]]",1.99969649110417,-121.99964508366746,-71.54345820627687,-54.94109894920317
516,1055,1,"[[767.0, 67.0], [787.0, 65.0], [787.0, 84.0], [767.0, 86.0]]",2.015762692715348,-0.313687521333199,14.25533720236957,175.17682163482635
517,1056,10,"[[18.0, 120.0], [34.0, 122.0], [37.0, 146.0], [21.0, 144.0]]",2.124493177583117,10.706521276669855,16.94785383127452,-163.57096344074003
518,1057,10,"[[34.0, 125.0], [51.0, 126.0], [55.0, 150.0], [39.0, 149.0]]",2.1041119442383063,7.812608036712871,16.467708233158913,-162.19751971410054
519,1057,1,"[[801.0, 38.0], [821.0, 35.0], [822.0, 55.0], [802.0, 58.0]]",2.081118839254234,-2.8932844480185715,14.093543930485245,-175.77606455750967
520,1059,10,"[[116.0, 105.0], [132.0, 107.0], [135.0, 131.0], [120.0, 130.0]]",1.9818177181384704,-93.8142097178014,-75.1030666782556,-84.57585529408617
521,1060,10,"[[134.0, 114.0], [151.0, 116.0], [155.0, 140.0], [139.0, 139.0]]",1.9473926601962237,-79.12078244115854,-75.52868525346258,-102.05585838165
522,1061,10,"[[157.0, 131.0], [174.0, 132.0], [178.0, 157.0], [162.0, 156.0]]",1.8641668641260989,9.16672700981516,21.08891414070924,-159.4622898454811
523,1062,10,"[[162.0, 106.0], [179.0, 107.0], [183.0, 132.0], [166.0, 131.0]]",1.8915590873015424,9.31884298815532,19.51056509329763,-159.93997750912067
524,1064,10,"[[47.0, 80.0], [66.0, 82.0], [71.0, 109.0], [52.0, 108.0]]",1.8707355720592165,-95.71443420073425,-73.0350022973443,-82.36710781755158
525,1065,10,"[[49.0, 32.0], [69.0, 34.0], [74.0, 63.0], [55.0, 62.0]]",1.8023707294529767,-94.5397198177732,-69.63274236623771,-81.65921033660975
